{
  "indexes": [
    {
      "collectionGroup": "restaurants",
      "queryScope": "COLLECTION",
      "fields": [
        { "fieldPath": "city", "order": "ASCENDING" },
        { "fieldPath": "avgRating", "order": "DESCENDING" }
      ]
    },
    {
      "collectionGroup": "restaurants",
      "queryScope": "COLLECTION",
      "fields": [
        { "fieldPath": "category", "order": "ASCENDING" },
        { "fieldPath": "avgRating", "order": "DESCENDING" }
      ]
    },
    {
      "collectionGroup": "restaurants",
      "queryScope": "COLLECTION",
      "fields": [
        { "fieldPath": "price", "order": "ASCENDING" },
        { "fieldPath": "avgRating", "order": "DESCENDING" }
      ]
    },
    {
      "collectionGroup": "restaurants",
      "queryScope": "COLLECTION",
      "fields": [
        { "fieldPath": "city", "order": "ASCENDING" },
        { "fieldPath": "numRatings", "order": "DESCENDING" }
      ]
    },
    {
      "collectionGroup": "restaurants",
      "queryScope": "COLLECTION",
      "fields": [
        { "fieldPath": "category", "order": "ASCENDING" },
        { "fieldPath": "numRatings", "order": "DESCENDING" }
      ]
    },
    {
      "collectionGroup": "restaurants",
      "queryScope": "COLLECTION",
      "fields": [
        { "fieldPath": "price", "order": "ASCENDING" },
        { "fieldPath": "numRatings", "order": "DESCENDING" }
      ]
    },
    {
      "collectionGroup": "restaurants",
      "queryScope": "COLLECTION",
      "fields": [
        { "fieldPath": "city", "order": "ASCENDING" },
        { "fieldPath": "price", "order": "ASCENDING" }
      ]
    },
    {
      "collectionGroup": "restaurants",
      "queryScope": "COLLECTION",
      "fields": [
        { "fieldPath": "category", "order": "ASCENDING" },
        { "fieldPath": "price", "order": "ASCENDING" }
      ]
    }
  ],
  "fieldOverrides": []
}
